file_name,source_url,file_page_url,sha256,commons_revision,notes
A Kyle Rittenhouse supporter in Kenosha Wisconsin.jpg,https://commons.wikimedia.org/wiki/Special:FilePath/A%20Kyle%20Rittenhouse%20supporter%20in%20Kenosha%20Wisconsin.jpg,https://commons.wikimedia.org/wiki/File:A_Kyle_Rittenhouse_supporter_in_Kenosha_Wisconsin.jpg,fd35c861a6f7b7f4bbf0532339b228b1ac9f52d3073158c9d12fa718e97ce997,,
Anna Gasser fan PyeongChang 2018.jpg,https://commons.wikimedia.org/wiki/Special:FilePath/Anna%20Gasser%20fan%20PyeongChang%202018.jpg,https://commons.wikimedia.org/wiki/File:Anna_Gasser_fan_PyeongChang_2018.jpg,c4dfaa1889f38bd7098dcc89301c0cd9541c0bbb890db0e715a3bd90de7ca3e0,,
ASM Belfort - Racing Club de Strasbourg Alsace - montée RCS ligue 2.jpg,https://commons.wikimedia.org/wiki/Special:FilePath/ASM%20Belfort%20-%20Racing%20Club%20de%20Strasbourg%20Alsace%20-%20mont%C3%A9e%20RCS%20ligue%202.jpg,https://commons.wikimedia.org/wiki/File:ASM_Belfort_-_Racing_Club_de_Strasbourg_Alsace_-_mont%C3%A9e_RCS_ligue_2.jpg,9480861939548da33119b6b80a349f00432ee2891cf6542beace32168e83d824,,
Beach handball Euro 2019 Main Round Men FRA-CRO 150.jpg,https://commons.wikimedia.org/wiki/Special:FilePath/Beach%20handball%20Euro%202019%20Main%20Round%20Men%20FRA-CRO%20150.jpg,https://commons.wikimedia.org/wiki/File:Beach_handball_Euro_2019_Main_Round_Men_FRA-CRO_150.jpg,e28b7195f4881cbb84bdc97ab2d8996ad2fd2de36d256de403f2fb17114dc467,,
"Bundesarchiv Bild 183-2004-1202-501, Westwall, Besichtigung durch Adolf Hitler.jpg",https://commons.wikimedia.org/wiki/Special:FilePath/Bundesarchiv%20Bild%20183-2004-1202-501%2C%20Westwall%2C%20Besichtigung%20durch%20Adolf%20Hitler.jpg,"https://commons.wikimedia.org/wiki/File:Bundesarchiv_Bild_183-2004-1202-501,_Westwall,_Besichtigung_durch_Adolf_Hitler.jpg",d15ea270d5476e221d84cc2c4d79c993405371a05f5a7fab33d2342afb98258c,,
Bénévoles.jpg,https://commons.wikimedia.org/wiki/Special:FilePath/B%C3%A9n%C3%A9voles.jpg,https://commons.wikimedia.org/wiki/File:B%C3%A9n%C3%A9voles.jpg,f0432abac2e6cc11d27e4f999b5c40f229de4d09e38939a5f21b2771083238df,,
Deutsche Supporter beim Anfeuern.jpg,https://commons.wikimedia.org/wiki/Special:FilePath/Deutsche%20Supporter%20beim%20Anfeuern.jpg,https://commons.wikimedia.org/wiki/File:Deutsche_Supporter_beim_Anfeuern.jpg,3c428e39057f149552522d86cdde870635456b79646866e730756f519271d30c,,
"Europese Schaatskampioenschappen te Lathi, Finland, de Nederlandse supporters, Bestanddeelnr 920-0245.jpg",https://commons.wikimedia.org/wiki/Special:FilePath/Europese%20Schaatskampioenschappen%20te%20Lathi%2C%20Finland%2C%20de%20Nederlandse%20supporters%2C%20Bestanddeelnr%20920-0245.jpg,"https://commons.wikimedia.org/wiki/File:Europese_Schaatskampioenschappen_te_Lathi,_Finland,_de_Nederlandse_supporters,_Bestanddeelnr_920-0245.jpg",9d24b2760a0a1f2debe41eb651d46a4609c83c61f6e9e5e7c18506de3a4f10ae,,
"Fanoušci, U21 CZE-GRE 2019-10-10 (1).jpg",https://commons.wikimedia.org/wiki/Special:FilePath/Fanou%C5%A1ci%2C%20U21%20CZE-GRE%202019-10-10%20%281%29.jpg,"https://commons.wikimedia.org/wiki/File:Fanou%C5%A1ci,_U21_CZE-GRE_2019-10-10_(1).jpg",4adbfc28341c08ef065219942d93c5075c932a42b9d91d8dba5e557a9076d845,,
FC Red Bull Salzburg gegen SK Sturm Graz (6. Mai 2018) 44.jpg,https://commons.wikimedia.org/wiki/Special:FilePath/FC%20Red%20Bull%20Salzburg%20gegen%20SK%20Sturm%20Graz%20%286.%20Mai%202018%29%2044.jpg,https://commons.wikimedia.org/wiki/File:FC_Red_Bull_Salzburg_gegen_SK_Sturm_Graz_(6._Mai_2018)_44.jpg,a8e060934610e3e4d65b512aa5add6277e35c6ffbc0fe832d64f8675473550dc,,
Feyenoord-bekerwinnaar-seizoen-2007-2008.jpg,https://commons.wikimedia.org/wiki/Special:FilePath/Feyenoord-bekerwinnaar-seizoen-2007-2008.jpg,https://commons.wikimedia.org/wiki/File:Feyenoord-bekerwinnaar-seizoen-2007-2008.jpg,,,
Flowers City Casuals.png,https://commons.wikimedia.org/wiki/Special:FilePath/Flowers%20City%20Casuals.png,https://commons.wikimedia.org/wiki/File:Flowers_City_Casuals.png,,,
Hockey-vs-rit 31060293676 o.jpg,https://commons.wikimedia.org/wiki/Special:FilePath/Hockey-vs-rit%2031060293676%20o.jpg,https://commons.wikimedia.org/wiki/File:Hockey-vs-rit_31060293676_o.jpg,,,
L'équipe du SM Caen saluant ses supporters à Quevilly.jpg,https://commons.wikimedia.org/wiki/Special:FilePath/L%27%C3%A9quipe%20du%20SM%20Caen%20saluant%20ses%20supporters%20%C3%A0%20Quevilly.jpg,https://commons.wikimedia.org/wiki/File:L%27%C3%A9quipe_du_SM_Caen_saluant_ses_supporters_%C3%A0_Quevilly.jpg,,,
"Nederlandse voetbalsupporters in Milaan, WK 1934 - Dutch football supporters in Milan, 1934 World Cup (4681896516).jpg",https://commons.wikimedia.org/wiki/Special:FilePath/Nederlandse%20voetbalsupporters%20in%20Milaan%2C%20WK%201934%20-%20Dutch%20football%20supporters%20in%20Milan%2C%201934%20World%20Cup%20%284681896516%29.jpg,"https://commons.wikimedia.org/wiki/File:Nederlandse_voetbalsupporters_in_Milaan,_WK_1934_-_Dutch_football_supporters_in_Milan,_1934_World_Cup_(4681896516).jpg",,,
Public orléanais finale Coupe de France de Basket 2010 - Entente.jpg,https://commons.wikimedia.org/wiki/Special:FilePath/Public%20orl%C3%A9anais%20finale%20Coupe%20de%20France%20de%20Basket%202010%20-%20Entente.jpg,https://commons.wikimedia.org/wiki/File:Public_orl%C3%A9anais_finale_Coupe_de_France_de_Basket_2010_-_Entente.jpg,,,
Rika mm' sings a CD for a fan.png,https://commons.wikimedia.org/wiki/Special:FilePath/Rika%20mm%27%20sings%20a%20CD%20for%20a%20fan.png,https://commons.wikimedia.org/wiki/File:Rika_mm%27_sings_a_CD_for_a_fan.png,,,
Sports fans.jpg,https://commons.wikimedia.org/wiki/Special:FilePath/Sports%20fans.jpg,https://commons.wikimedia.org/wiki/File:Sports_fans.jpg,,,
Street life (15794436924).jpg,https://commons.wikimedia.org/wiki/Special:FilePath/Street%20life%20%2815794436924%29.jpg,https://commons.wikimedia.org/wiki/File:Street_life_(15794436924).jpg,,,
Supporters Azat Miftakhov.jpg,https://commons.wikimedia.org/wiki/Special:FilePath/Supporters%20Azat%20Miftakhov.jpg,https://commons.wikimedia.org/wiki/File:Supporters_Azat_Miftakhov.jpg,,,
Supporters Entente Orléanaise 45 finale Coupe de France de basket 2006.jpg,https://commons.wikimedia.org/wiki/Special:FilePath/Supporters%20Entente%20Orl%C3%A9anaise%2045%20finale%20Coupe%20de%20France%20de%20basket%202006.jpg,https://commons.wikimedia.org/wiki/File:Supporters_Entente_Orl%C3%A9anaise_45_finale_Coupe_de_France_de_basket_2006.jpg,,,
Talarc.jpg,https://commons.wikimedia.org/wiki/Special:FilePath/Talarc.jpg,https://commons.wikimedia.org/wiki/File:Talarc.jpg,,,
Triumphant return post 2013 Deaflympics.jpg,https://commons.wikimedia.org/wiki/Special:FilePath/Triumphant%20return%20post%202013%20Deaflympics.jpg,https://commons.wikimedia.org/wiki/File:Triumphant_return_post_2013_Deaflympics.jpg,,,
Trump supporters in Kenosha Wisconsin outside of Bradford High School.jpg,https://commons.wikimedia.org/wiki/Special:FilePath/Trump%20supporters%20in%20Kenosha%20Wisconsin%20outside%20of%20Bradford%20High%20School.jpg,https://commons.wikimedia.org/wiki/File:Trump_supporters_in_Kenosha_Wisconsin_outside_of_Bradford_High_School.jpg,,,
Vålerenga damer cupfinale 19.jpg,https://commons.wikimedia.org/wiki/Special:FilePath/V%C3%A5lerenga%20damer%20cupfinale%2019.jpg,https://commons.wikimedia.org/wiki/File:V%C3%A5lerenga_damer_cupfinale_19.jpg,,,
Yasuko-Onuki-signs-a-Rising-Sun-Flag-for-a-fan.png,https://commons.wikimedia.org/wiki/Special:FilePath/Yasuko-Onuki-signs-a-Rising-Sun-Flag-for-a-fan.png,https://commons.wikimedia.org/wiki/File:Yasuko-Onuki-signs-a-Rising-Sun-Flag-for-a-fan.png,,,
秀太郎 鴈治郎 (26069500316).jpg,https://commons.wikimedia.org/wiki/Special:FilePath/%E7%A7%80%E5%A4%AA%E9%83%8E%20%E9%B4%88%E6%B2%BB%E9%83%8E%20%2826069500316%29.jpg,https://commons.wikimedia.org/wiki/File:%E7%A7%80%E5%A4%AA%E9%83%8E_%E9%B4%88%E6%B2%BB%E9%83%8E_(26069500316).jpg,,,
